"id","is_user","name","email","email_verified_at","password","remember_token","created_at","updated_at","expertise","experience","firstname","lastname","about","profileImage","videoIntro","availableHours","availableDays","workPreference","workType","slug","address","roleLevel"
1,NULL,"Irene Richard","fosevoninu@mailinator.com",NULL,"$2y$10$8Re3kMpsEyfUNRcnlAHg/uwapjeljRkcgMPL0mvUo9MBhwMs0tKYG",NULL,"2022-10-29 00:26:52","2023-01-31 23:04:02","frontend",3,"Ian Wall","Vera Stanley","Lorem ipsum dolor sit amet consectetur adipisicing elit. Laboriosam molestiae rerum numquam officiis voluptas eum? Saepe repellat totam quae sunt voluptatum accusamus architecto tempore veniam beatae tenetur, earum eos tempora?Lorem ipsum dolor sit amet consectetur adipisicing elit. Laboriosam molestiae rerum numquam officiis voluptas eum? Saepe repellat totam quae sunt voluptatum accusamus architecto tempore veniam beatae tenetur, earum eos tempora?Lorem ipsum dolor sit amet consectetur adipisicing elit. Laboriosam molestiae rerum numquam officiis voluptas eum? Saepe repellat totam quae sunt voluptatum accusamus architecto tempore veniam beatae tenetur, earum eos tempora?",NULL,NULL,NULL,"Monday","onsite,wfh","temp","irenerichard","Kathmandu",NULL
2,NULL,"Reese Dean","wyzy@mailinator.com",NULL,"$2y$10$z1IEv00JnWlloayEcRl6qu1fVz/V2JP6QZOLeeB0Ner0tyep64NH2",NULL,"2022-10-29 01:20:17","2022-10-29 01:20:17","frontend",1,"john","doe","Lorem ipsum dolor sit amet consectetur adipisicing elit. Laboriosam molestiae rerum numquam officiis voluptas eum? Saepe repellat totam quae sunt voluptatum accusamus architecto tempore veniam beatae tenetur, earum eos tempora?",NULL,NULL,NULL,NULL,"onsite",NULL,"reesedean","Jhapa",NULL
3,NULL,"Harlan Watts","fabuqy@mailinator.com",NULL,"$2y$10$By0709JCyPYULgUVOM4l/uzEwILepevKgmtVE421v8fWSq/iY39EW","NjWOSDu5aDZUwGXOuWksJLy9uuXLgc2GOOXDc0hFc5UDq2pHiG98wcmOz9jY","2022-10-30 11:24:08","2022-10-30 11:24:08","backend",2,"jane","doe","Lorem ipsum dolor sit amet consectetur adipisicing elit. Laboriosam molestiae rerum numquam officiis voluptas eum? Saepe repellat totam quae sunt voluptatum accusamus architecto tempore veniam beatae tenetur, earum eos tempora?Lorem ipsum dolor sit amet consectetur adipisicing elit. Laboriosam molestiae rerum numquam officiis voluptas eum? Saepe repellat totam quae sunt voluptatum accusamus architecto tempore veniam beatae tenetur, earum eos tempora?Lorem ipsum dolor sit amet consectetur adipisicing elit. Laboriosam molestiae rerum numquam officiis voluptas eum? Saepe repellat totam quae sunt voluptatum accusamus architecto tempore veniam beatae tenetur, earum eos tempora?",NULL,NULL,NULL,NULL,"onsite",NULL,"harlanwatts","Ithari",NULL
4,NULL,"Jane Doe","jane@doe.com",NULL,"",NULL,NULL,NULL,NULL,3,"nick","watson",NULL,NULL,NULL,NULL,NULL,"wfh",NULL,"ds","Birathnagar",NULL
5,"talent","Christen Washington","tutaf@mailinator.com",NULL,"$2y$10$x.opRvOnLjqwI03F9DikqeLZk../Q3mLPLOv5EygypWRmcllQ9GZy","XxPQfatnfgZZh6NwODICsMPwCXSQcHbYa5gcI7ZNStWzBqOptFWE0sh8sjxs","2023-01-27 08:13:44","2023-03-24 08:27:49","developer",7,"Design","Ant","Lorem ipsum dolor sit amet, consectetur adipiscing elit. Sed lacinia sapien et
                                    lacus molestie, sed malesuada mauris ultrices. Donec eget mauris eu nunc tristique
                                    bibendum in ac orci. Nunc consectetur nisi vel semper commodo. Nunc pharetra eros nec
                                    libero dictum, nec vulputate est scelerisque. Pellentesque habitant morbi tristique
                                    senectus et netus et malesuada fames ac turpis egestas. Sed eleifend, sapien in
                                    elementum faucibus, sapien urna porta risus, vitae venenatis metus nisi in felis. Nulla
                                    facilisi","https://laravbucket.s3.ap-southeast-2.amazonaws.com/images/qjEghScYdBfVxNJUcvAQniJDT9gxUpZ9SWsUQUdB.jpg",NULL,NULL,"Thursday,Friday,Tuesday","wfh,onsite","employee,temp,freelancer,intern","dfdf","Jhapa","Senior"
6,NULL,NULL,"fanivy@mailinator.com",NULL,"$2y$10$Gu0VCOrJq9urHj4JFYHy7eTm4MblrWzRCD7rvehn8kRgogS8JR9YW",NULL,"2023-02-07 23:32:42","2023-02-07 23:32:42",NULL,5,"Maisie","Romero",NULL,NULL,NULL,NULL,NULL,NULL,NULL,NULL,"Kathmandu",NULL
7,NULL,NULL,"tydufu@mailinator.com",NULL,"$2y$10$e6fZuOk/6xRRw3UVhTeOmOhmI10tyUUAp5eB1U1dwitj5mvE45dc6",NULL,"2023-02-07 23:33:38","2023-02-07 23:33:38",NULL,6,"Rowan","Gilliam",NULL,NULL,NULL,NULL,NULL,NULL,NULL,NULL,NULL,NULL
8,NULL,NULL,"bywoson@mailinator.com",NULL,"$2y$10$H/aF4aqAyUsEXSWxtyd1/.0UVfQc03XgDtOy0QwBfgUUw9tmvex9K",NULL,"2023-02-07 23:37:26","2023-02-07 23:37:26",NULL,7,"Maite","Mathews",NULL,NULL,NULL,NULL,NULL,NULL,NULL,NULL,NULL,NULL
9,NULL,NULL,"gosaly@mailinator.com",NULL,"$2y$10$DBqyPC1OHgAKNlvnGo4Wvu.4PrJWQTiPDs.rLIcM6JO.rz3xQYuwG",NULL,"2023-02-07 23:38:11","2023-02-07 23:38:11",NULL,8,"Hilary","Hanson",NULL,NULL,NULL,NULL,NULL,NULL,NULL,NULL,NULL,NULL
10,NULL,NULL,"hefyfoku@mailinator.com",NULL,"$2y$10$x7qarNPmJxdjYubergVTau0gxacr37emOezIFFPIKgd0u4v1pM876",NULL,"2023-02-07 23:50:52","2023-02-07 23:50:52","backend",10,"Vivien","Stokes",NULL,NULL,NULL,NULL,NULL,NULL,NULL,NULL,NULL,NULL
11,NULL,NULL,"tigyweguji@mailinator.com",NULL,"$2y$10$C1/Txz.5i0no/X6rJ7rN9.E5K2xP4gTTN5nTOV4OS9XjrCOF8P8Zi",NULL,"2023-02-08 00:13:24","2023-02-08 00:13:24","motion",NULL,"Moana","Swanson",NULL,NULL,NULL,NULL,NULL,NULL,NULL,NULL,NULL,NULL
12,NULL,NULL,"zyju@mailinator.com",NULL,"$2y$10$J96KjzPlnMdYHOY1dNfltuvxteVjAuCx0Tnqt3lC8TbnxOUbYY4Ia",NULL,"2023-02-08 00:15:18","2023-02-08 00:15:18","designer",NULL,"Keegan","Valencia",NULL,NULL,NULL,NULL,NULL,NULL,NULL,"KeeganValencia",NULL,NULL
13,NULL,NULL,"wivez@mailinator.com",NULL,"$2y$10$7U/f3ylqaFdONk/N.MDNz.UqjB/lfZtXEUuxmFs5/y/uJyaAHofsq",NULL,"2023-02-08 00:22:33","2023-02-08 00:22:33","developer",NULL,"Lucius","Ramirez",NULL,NULL,NULL,NULL,NULL,NULL,NULL,"luciusramirez4",NULL,NULL
14,NULL,NULL,"xumolafiv@mailinator.com",NULL,"$2y$10$CmXdjj0CGSPG77vISIuVJu4kfgjqR/Q0Feu4N31SZTO9Ilzx4YnS2",NULL,"2023-02-08 00:23:43","2023-02-08 00:23:43","developer",NULL,"Glenna","Peters",NULL,NULL,NULL,NULL,NULL,NULL,NULL,"glennapeters",NULL,NULL
15,NULL,NULL,"vetafyxy@mailinator.com",NULL,"$2y$10$DEXNHGfHu3Gx9v8hpsWHGeB/9wdl1OOBacyVDm0qULQMmD.yuoEIW",NULL,"2023-02-08 00:24:27","2023-02-08 00:24:27","pm",NULL,"Glenna","Peters",NULL,NULL,NULL,NULL,NULL,NULL,NULL,"glennapeters",NULL,NULL
16,NULL,NULL,"lexi@mailinator.com",NULL,"$2y$10$y8CJGDMY3sPe7/s/uj/3g.jdbKTnKowsCTLg3P5wbr9mlFpM3P1qu",NULL,"2023-02-08 00:29:20","2023-02-08 00:29:20","pm",NULL,"Madaline","Richmond",NULL,NULL,NULL,NULL,NULL,NULL,NULL,"madalinerichmond",NULL,NULL
17,NULL,NULL,"dahag@mailinator.com",NULL,"$2y$10$DcsXRtZFSN3oR5.wHeH0HuTVQtE4Ccx8CqZ0SGxo9enTHE1X3Rlvq",NULL,"2023-02-08 00:30:30","2023-02-08 00:30:30","developer",NULL,"Grace","Waters",NULL,NULL,NULL,NULL,NULL,NULL,NULL,"gracewaters",NULL,NULL
18,NULL,NULL,"mipyp@mailinator.com",NULL,"$2y$10$86PmXd67u6BPT6nQavsB/OYqCh51d.gQm0w3fssy9xYDyknh69GY2",NULL,"2023-02-08 00:30:57","2023-02-08 00:30:57","developer",NULL,"Stephanie","Bailey",NULL,NULL,NULL,NULL,NULL,NULL,NULL,"stephaniebailey",NULL,NULL
19,NULL,NULL,"qubazi@mailinator.com",NULL,"$2y$10$Z/vYA10.wywAmq/LYaJ8ru23PXO14shPaCvU4o/M9mNpKxDIR66Mm",NULL,"2023-02-08 00:31:22","2023-02-08 00:31:22","developer",NULL,"Ciaran","Myers",NULL,NULL,NULL,NULL,NULL,NULL,NULL,"ciaranmyers",NULL,NULL
20,NULL,NULL,"pibodu@mailinator.com",NULL,"$2y$10$FMf9gI06OWKOX9BoYYwUzOxLmGDsOvNsRk.PP4Sadxc7ujRYwtA/y",NULL,"2023-02-08 00:39:18","2023-02-08 00:39:18","developer",NULL,"Armando","Velasquez",NULL,NULL,NULL,NULL,NULL,NULL,NULL,"armandovelasquez",NULL,NULL
21,NULL,NULL,"jymezyge@mailinator.com",NULL,"$2y$10$O4Yym.oADzNW/5oX7G3rV.obIcG6dnxwJd6l8x8v2IV1G7qnJWSL2",NULL,"2023-02-08 00:39:57","2023-02-08 00:39:57","developer",NULL,"Aidan","Barry",NULL,NULL,NULL,NULL,NULL,NULL,NULL,"aidanbarry",NULL,NULL
22,NULL,NULL,"xexyxonifo@mailinator.com",NULL,"$2y$10$6NaZv8WvSzencM2Hh9MhPeFlLNF1zuI6Z1MDhu4bDK57ljnTqFdva",NULL,"2023-02-08 00:40:24","2023-02-08 00:40:24","developer",NULL,"Winifred","Mills","Lorem ipsum dolor sit amet consectetur adipisicing elit. Laboriosam molestiae rerum numquam officiis voluptas eum? Saepe repellat totam quae sunt voluptatum accusamus architecto tempore veniam beatae tenetur, earum eos tempora?",NULL,NULL,NULL,NULL,NULL,NULL,"winifredmills",NULL,NULL
23,NULL,NULL,"kyjegegih@mailinator.com",NULL,"$2y$10$Ze.lyX7fOWFKKkEu1BuD4epcfw3pjYDBg6phJYkpLnV5SNPeq41Bu",NULL,"2023-02-08 00:41:39","2023-02-08 00:41:39","developer",NULL,"Aline","Simon",NULL,NULL,NULL,NULL,NULL,NULL,NULL,"alinesimon",NULL,NULL
24,NULL,NULL,"zymebej@mailinator.com",NULL,"$2y$10$y1AizPwWR4WPksdI3Gyq5ubqW5weDGIHCqMmoOpa1Cn0atH3dwQoi",NULL,"2023-02-08 00:43:41","2023-02-08 00:43:41","developer",NULL,"Mannix","Hickman","Lorem ipsum dolor sit amet consectetur adipisicing elit. Laboriosam molestiae rerum numquam officiis voluptas eum? Saepe repellat totam quae sunt voluptatum accusamus architecto tempore veniam beatae tenetur, earum eos tempora?Lorem ipsum dolor sit amet consectetur adipisicing elit. Laboriosam molestiae rerum numquam officiis voluptas eum? Saepe repellat totam quae sunt voluptatum accusamus architecto tempore veniam beatae tenetur, earum eos tempora?",NULL,NULL,NULL,NULL,NULL,NULL,"mannixhickman",NULL,NULL
25,NULL,NULL,"vybudinu@mailinator.com",NULL,"$2y$10$ZfPLj6c6cOPo8yhKUiNr5exipaotCLpQEl9Z2P/KA7udFcKUSUFGq",NULL,"2023-02-08 00:44:16","2023-02-08 00:44:16","developer",NULL,"Louis","Wyatt","Lorem ipsum dolor sit amet consectetur adipisicing elit. Laboriosam molestiae rerum numquam officiis voluptas eum? Saepe repellat totam quae sunt voluptatum accusamus architecto tempore veniam beatae tenetur, earum eos tempora?Lorem ipsum dolor sit amet consectetur adipisicing elit. Laboriosam molestiae rerum numquam officiis voluptas eum? Saepe repellat totam quae sunt voluptatum accusamus architecto tempore veniam beatae tenetur, earum eos tempora?",NULL,NULL,NULL,NULL,NULL,NULL,"louiswyatt",NULL,NULL
26,NULL,NULL,"jyceqyri@mailinator.com",NULL,"$2y$10$9qDV12NNCrB47YmamnxJ5OneKFMImcc/YJRqjJcdI9aFwhXnviWrq",NULL,"2023-02-08 00:44:49","2023-02-08 00:44:49","developer",NULL,"Jaquelyn","Moses","Lorem ipsum dolor sit amet consectetur adipisicing elit. Laboriosam molestiae rerum numquam officiis voluptas eum? Saepe repellat totam quae sunt voluptatum accusamus architecto tempore veniam beatae tenetur, earum eos tempora?Lorem ipsum dolor sit amet consectetur adipisicing elit. Laboriosam molestiae rerum numquam officiis voluptas eum? Saepe repellat totam quae sunt voluptatum accusamus architecto tempore veniam beatae tenetur, earum eos tempora?",NULL,NULL,NULL,NULL,NULL,NULL,"jaquelynmoses",NULL,NULL
27,NULL,NULL,"jomunurim@mailinator.com",NULL,"$2y$10$ke4kpxrBtkdObWHTK7gj8O0czQQNnAdxkHHk2OyDpCfmQWdU.TUQa",NULL,"2023-02-08 00:46:27","2023-02-08 00:46:27","developer",NULL,"Mufutau","Lambert","Lorem ipsum dolor sit amet consectetur adipisicing elit. Laboriosam molestiae rerum numquam officiis voluptas eum? Saepe repellat totam quae sunt voluptatum accusamus architecto tempore veniam beatae tenetur, earum eos tempora?Lorem ipsum dolor sit amet consectetur adipisicing elit. Laboriosam molestiae rerum numquam officiis voluptas eum? Saepe repellat totam quae sunt voluptatum accusamus architecto tempore veniam beatae tenetur, earum eos tempora?",NULL,NULL,NULL,NULL,NULL,NULL,"mufutaulambert",NULL,NULL
28,NULL,NULL,"qonezehaci@mailinator.com",NULL,"$2y$10$3VmJoUkzkNjSOOnMyNjGKuTSDhzQyloq/hLToO6tqj0.fuN8LI8z6",NULL,"2023-02-08 01:04:29","2023-02-08 01:04:29","pm",NULL,"Dora","Townsend","Lorem ipsum dolor sit amet consectetur adipisicing elit. Laboriosam molestiae rerum numquam officiis voluptas eum? Saepe repellat totam quae sunt voluptatum accusamus architecto tempore veniam beatae tenetur, earum eos tempora?Lorem ipsum dolor sit amet consectetur adipisicing elit. Laboriosam molestiae rerum numquam officiis voluptas eum? Saepe repellat totam quae sunt voluptatum accusamus architecto tempore veniam beatae tenetur, earum eos tempora?Lorem ipsum dolor sit amet consectetur adipisicing elit. Laboriosam molestiae rerum numquam officiis voluptas eum? Saepe repellat totam quae sunt voluptatum accusamus architecto tempore veniam beatae tenetur, earum eos tempora?",NULL,NULL,NULL,NULL,NULL,NULL,"doratownsend",NULL,NULL
29,NULL,NULL,"mytukemu@mailinator.com",NULL,"$2y$10$kxqQg28mBs077aCsSyPlKuK2PhYQOKlv5htUrIAg2nvZGBlLL0Hi6",NULL,"2023-02-08 08:31:54","2023-02-08 08:31:54","designer",NULL,"Liberty","Newman","Lorem ipsum dolor sit amet consectetur adipisicing elit. Laboriosam molestiae rerum numquam officiis voluptas eum? Saepe repellat totam quae sunt voluptatum accusamus architecto tempore veniam beatae tenetur, earum eos tempora?Lorem ipsum dolor sit amet consectetur adipisicing elit. Laboriosam molestiae rerum numquam officiis voluptas eum? Saepe repellat totam quae sunt voluptatum accusamus architecto tempore veniam beatae tenetur, earum eos tempora?",NULL,NULL,NULL,NULL,NULL,NULL,"libertynewman",NULL,NULL
30,NULL,NULL,"jihyk@mailinator.com",NULL,"$2y$10$Ix58Oc2X9VX4isZfkXOgUubyxlA84lWYVmpvTdlg1mHzu9UvAHKOm",NULL,"2023-02-08 08:32:22","2023-02-08 08:32:22","developer",NULL,"Kaitlin","Mcleod","Lorem ipsum dolor sit amet consectetur adipisicing elit. Laboriosam molestiae rerum numquam officiis voluptas eum? Saepe repellat totam quae sunt voluptatum accusamus architecto tempore veniam beatae tenetur, earum eos tempora?",NULL,NULL,NULL,NULL,NULL,NULL,"kaitlinmcleod",NULL,NULL
31,NULL,NULL,"henasipizu@mailinator.com",NULL,"$2y$10$xDMhQb.vw6vCy/wKOYswqug1g3U7b5tHnYYvwCIppL.iRqml4ilsa",NULL,"2023-02-08 08:33:25","2023-02-08 08:33:25","developer",NULL,"Maxwell","Juarez","Lorem ipsum dolor sit amet consectetur adipisicing elit. Laboriosam molestiae rerum numquam officiis voluptas eum? Saepe repellat totam quae sunt voluptatum accusamus architecto tempore veniam beatae tenetur, earum eos tempora?Lorem ipsum dolor sit amet consectetur adipisicing elit. Laboriosam molestiae rerum numquam officiis voluptas eum? Saepe repellat totam quae sunt voluptatum accusamus architecto tempore veniam beatae tenetur, earum eos tempora?",NULL,NULL,NULL,NULL,NULL,NULL,"maxwelljuarez",NULL,NULL
32,NULL,NULL,"pysi@mailinator.com",NULL,"$2y$10$EZCwuKJJPUDzwJxRiS.zweP0bAuRqpN5DTeXYxKcJnaqpgjKSfiWS",NULL,"2023-02-08 08:35:27","2023-02-08 08:35:27","developer",NULL,"Odette","Pittman","Lorem ipsum dolor sit amet consectetur adipisicing elit. Laboriosam molestiae rerum numquam officiis voluptas eum? Saepe repellat totam quae sunt voluptatum accusamus architecto tempore veniam beatae tenetur, earum eos tempora?Lorem ipsum dolor sit amet consectetur adipisicing elit. Laboriosam molestiae rerum numquam officiis voluptas eum? Saepe repellat totam quae sunt voluptatum accusamus architecto tempore veniam beatae tenetur, earum eos tempora?",NULL,NULL,NULL,NULL,NULL,NULL,"odettepittman",NULL,NULL
33,NULL,NULL,"peturomel@mailinator.com",NULL,"$2y$10$ds1gTTGaen.wU2Zi45Ssa.2WLh4r6gNaoqosIDGojiJWzKhUkig4S",NULL,"2023-02-08 08:36:58","2023-02-08 08:36:58","pm",NULL,"Hiroko","Ortiz",NULL,NULL,NULL,NULL,NULL,NULL,NULL,"hirokoortiz",NULL,NULL
34,NULL,NULL,"nyzo@mailinator.com",NULL,"$2y$10$S1XfuOU6uBflMGaifgouZ.67eph4L6PbXLpSRJMos9NT93sXimNDe",NULL,"2023-02-08 08:37:54","2023-02-08 08:37:54","developer",NULL,"Shea","Francis",NULL,NULL,NULL,NULL,NULL,NULL,NULL,"sheafrancis",NULL,NULL
35,NULL,NULL,"modicusyt@mailinator.com",NULL,"$2y$10$gTM8btvP2dV1PK3LYBi/LupD0UtExOB/.SPsUkn48nYxHhYJctMqS",NULL,"2023-02-08 08:41:44","2023-02-08 08:41:44","motion",NULL,"Sierra","Mann",NULL,NULL,NULL,NULL,NULL,NULL,NULL,"sierramann",NULL,NULL
36,NULL,NULL,"hoguha@mailinator.com",NULL,"$2y$10$QDcsJzI6vr9ngwcmhV9qUeSyi5UsIvFaot3SG73MiFGVAa6ymPYP6",NULL,"2023-02-08 08:42:27","2023-02-08 08:42:27","motion",NULL,"Rahim","Wells",NULL,NULL,NULL,NULL,NULL,NULL,NULL,"rahimwells",NULL,NULL
37,NULL,NULL,"lasavul@mailinator.com",NULL,"$2y$10$aptxQGHmUX9MjNQtVQghxOxMJf//I1bId6v9kNTnHdHHYHTbU.QU2",NULL,"2023-02-08 08:49:55","2023-02-08 08:49:55","developer",NULL,"Akeem","Mann",NULL,NULL,NULL,NULL,NULL,NULL,NULL,"akeemmann",NULL,NULL
38,NULL,NULL,"suwu@mailinator.com",NULL,"$2y$10$0lFFoxh6iTNAM0gI4dDDmu9LLDUI6uo/iRNPCd6/XQDiFsUxofVhW",NULL,"2023-02-08 08:51:24","2023-02-08 08:51:24","developer",NULL,"Yoko","Pope",NULL,NULL,NULL,NULL,NULL,NULL,NULL,"yokopope",NULL,NULL
39,NULL,NULL,"ryvicuny@mailinator.com",NULL,"$2y$10$Izf66vxtNoJK5zfDeip5A.NlZ3OwECrk4ld3DSLUgpZOjWVivMxXG",NULL,"2023-02-08 08:53:43","2023-02-08 08:53:43","developer",NULL,"Hector","Oneal",NULL,NULL,NULL,NULL,NULL,NULL,NULL,"hectoroneal",NULL,NULL
40,NULL,NULL,"wobixyxex@mailinator.com",NULL,"$2y$10$Ms757y5Cw2qqSzpTjFXGZeVZk/9qKjOGqQIZo7sIeSpP4dQl3NX2e","wTDdX9TfiO3gjwW56WWYoTYYugxjUK7NKMqnEfyKURG8bvjI95JovCO7zErQ","2023-02-08 08:58:20","2023-02-08 08:58:20","designer",NULL,"Kameko","Lara",NULL,NULL,NULL,NULL,NULL,NULL,NULL,"kamekolara",NULL,NULL
41,NULL,NULL,"tuxtaf@mailinator.com",NULL,"$2y$10$coXgRcqqAEwpuZkNVSwC4e4vaKROkpu92RoSb59QHGBZO9sgc2chm",NULL,"2023-02-19 08:05:40","2023-02-19 08:05:40","developer",NULL,"<script>alert('dd')</script>","xx",NULL,NULL,NULL,NULL,NULL,NULL,NULL,"scriptalertddscriptxx",NULL,NULL
42,NULL,NULL,"gazerusyli@mailinator.com",NULL,"$2y$10$e62MHNXsLTn0XGirIaGeLOyn5wh4pVjMMaHg6KJMYCFZQoN9ZhEbS",NULL,"2023-02-19 09:45:50","2023-02-19 09:45:50","developer",NULL,"Phillip","Quinn",NULL,NULL,NULL,NULL,NULL,NULL,NULL,"phillipquinn",NULL,NULL
43,NULL,NULL,"gygu@mailinator.com",NULL,"$2y$10$wEXzGIggr1bddVfpZW2NleLKxmQfpoozCoiK0ysf4rWHIqwLNG9s6",NULL,"2023-02-20 09:15:24","2023-02-20 09:15:24","designer",NULL,"Talon","Carlson",NULL,NULL,NULL,NULL,NULL,NULL,NULL,"taloncarlson",NULL,NULL
44,NULL,NULL,"fonad@mailinator.com",NULL,"$2y$10$H8Xxf4yBFEdxHBbsRBndaO4KihMTbZtZZ0rX3CYPo2sz/5Sfl9vuK",NULL,"2023-02-20 09:54:04","2023-02-20 09:54:04","developer",NULL,"Constance","Villarreal",NULL,NULL,NULL,NULL,NULL,NULL,NULL,"constancevillarreal",NULL,NULL
45,NULL,NULL,"qevuwyxite@mailinator.com",NULL,"$2y$10$X8i6MvfNNRJHexfD67azMOPLS9tCOgWXnQYReca3UVn6tWwDyZBme",NULL,"2023-02-20 09:54:17","2023-02-20 09:54:17","pm",NULL,"Felicia","Mason",NULL,NULL,NULL,NULL,NULL,NULL,NULL,"feliciamason",NULL,NULL
47,NULL,NULL,"raxaxoles@mailinator.com",NULL,"$2y$10$2VLAdb6zzfYOGjE3RFEppeW4sDgESCxFLUlk3FAkqx4BhJj.HVzfG",NULL,"2023-02-20 10:01:26","2023-02-20 10:01:26","developer",NULL,"Kyla","Pope",NULL,NULL,NULL,NULL,NULL,NULL,NULL,"kylapope",NULL,NULL
48,NULL,NULL,"mefoq@mailinator.com",NULL,"$2y$10$eDPniwt..hN6C7i/.fThjei4OE4tLg/Fyce/HivlEoJPwBH8xLomS",NULL,"2023-02-20 10:01:49","2023-02-20 10:01:49","developer",NULL,"Demetria","Aguilar",NULL,NULL,NULL,NULL,NULL,NULL,NULL,"demetriaaguilar",NULL,NULL
49,NULL,NULL,"lyfyq@mailinator.com",NULL,"$2y$10$Yip0mxbgigjcsEwzt7/ZLOeKJtD2vs85UpCVJ3rAWWD58WN7W3i92",NULL,"2023-02-21 08:07:20","2023-02-21 09:42:48","developer",NULL,"Candice","Mays","sdfsdsa",NULL,NULL,NULL,"Thursday","","freelancer","candicemays",NULL,NULL
50,NULL,NULL,"fokega@mailinator.com",NULL,"$2y$10$H8bMnpdqAB.RiLH3yDDww.b/uUon/w2JCnjIqx7V.wg.Y1AhgA02C",NULL,"2023-02-21 22:39:05","2023-02-21 22:39:05","developer",NULL,"Kareem","Garza",NULL,NULL,NULL,NULL,NULL,NULL,NULL,"kareemgarza",NULL,NULL
51,NULL,NULL,"serozobo@mailinator.com",NULL,"$2y$10$pkQdC57jnDVjt8afwrLuqu7l.F46p45D2AvpmM4T3NBWp21J6JdJG",NULL,"2023-02-22 09:54:54","2023-02-22 09:54:54","developer",NULL,"Charity","Roach",NULL,NULL,NULL,NULL,NULL,NULL,NULL,"charityroach",NULL,NULL
52,NULL,NULL,"furuj@mailinator.com",NULL,"$2y$10$KeMMqAD3jlmETuqNx7zjjOhiZD4ohVswcFupyg1T6Ulg0WnmVKoya",NULL,"2023-02-23 08:43:12","2023-02-23 08:43:12","designer",NULL,"Ivor","Hancock",NULL,NULL,NULL,NULL,NULL,NULL,NULL,"ivorhancock",NULL,NULL
53,NULL,NULL,"hobum@mailinator.com",NULL,"$2y$10$kNrap0Hl/kp1b/BDy8kfT.J75F17ObgFQNPA3CW4GLMCbVsfdLdlC",NULL,"2023-02-23 21:45:59","2023-02-24 01:40:13","developer",NULL,"Gary","Byers","azdfd",NULL,NULL,NULL,"Sunday,Saturday","","freelancer,employee","garybyers",NULL,NULL
